{
	"title" : "FancyGrid Basic"
	, "columns" : [
		  { "index" : "company", "title" : "Company" , "type" : "string" }
		, { "index" : "name"   , "title" : "Name"    , "type" : "string" }
		, { "index" : "surname", "title" : "Sur Name", "type" : "string" }
		, { "index" : "age"    , "title" : "Age"     , "type" : "number" }
	]
	, "data" : [
		   { "name" : "Ted", "surname" : "Smith", "company" : "Electrical Systems", "age" : 30 }
		,  { "name" : "Ed", "surname" : "Johnson", "company" : "Energy and Oil", "age" : 35 }
		,  { "name" : "Sam", "surname" : "Williams", "company" : "Airbus", "age" : 38 }
		,  { "name" : "Alexander", "surname" : "Brown", "company" : "Renault", "age" : 24 }
		,  { "name" : "Nicholas", "surname" : "Miller", "company" : "Adobe", "age" : 33 }
		,  { "name" : "Andrew", "surname" : "Thompson", "company" : "Google", "age" : 28 }
		,  { "name" : "Ryan", "surname" : "Walker", "company" : "Siemens", "age" : 39 }
		,  { "name" : "John", "surname" : "Scott", "company" : "Cargo", "age" : 45 }
		,  { "name" : "James", "surname" : "Phillips", "company" : "Pro bugs", "age" : 30 }
		,  { "name" : "Brian", "surname" : "Edwards", "company" : "IT Consultant", "age" : 23 }
		,  { "name" : "Jack", "surname" : "Richardson", "company" : "Europe IT", "age" : 24 }
		,  { "name" : "Alex", "surname" : "Howard", "company" : "Cisco", "age" : 27 }
		,  { "name" : "Carlos", "surname" : "Wood", "company" : "HP", "age" : 36 }
		,  { "name" : "Adrian", "surname" : "Russell", "company" : "Micro Systems", "age" : 31 }
		,  { "name" : "Jeremy", "surname" : "Hamilton", "company" : "Big Machines", "age" : 30 }
		,  { "name" : "Ed", "surname" : "Johnson", "company" : "Energy and Oil", "age" : 35 }
		,  { "name" : "Sam", "surname" : "Williams", "company" : "Airbus", "age" : 38 }
		,  { "name" : "Alexander", "surname" : "Brown", "company" : "Renault", "age" : 24 }
		,  { "name" : "Nicholas", "surname" : "Miller", "company" : "Adobe", "age" : 33 }
		,  { "name" : "Andrew", "surname" : "Thompson", "company" : "Google", "age" : 28 }
		,  { "name" : "Ryan", "surname" : "Walker", "company" : "Siemens", "age" : 39 }
		,  { "name" : "John", "surname" : "Scott", "company" : "Cargo", "age" : 45 }
		,  { "name" : "James", "surname" : "Phillips", "company" : "Pro bugs", "age" : 30 }
		,  { "name" : "Brian", "surname" : "Edwards", "company" : "IT Consultant", "age" : 23 }
		,  { "name" : "Jack", "surname" : "Richardson", "company" : "Europe IT", "age" : 24 }
		,  { "name" : "Alex", "surname" : "Howard", "company" : "Cisco", "age" : 27 }
		,  { "name" : "Carlos", "surname" : "Wood", "company" : "HP", "age" : 36 }
		,  { "name" : "Adrian", "surname" : "Russell", "company" : "Micro Systems", "age" : 31 }
		,  { "name" : "Jeremy", "surname" : "Hamilton", "company" : "Big Machines", "age" : 30 }
	]
}